,apple
cluster0,"

Apple CEO Tim Cook made a surprise visit to Beijing, where he met with Chinese Vice Premier Ding Duexiang and other high-ranking officials. During the visit, Cook and Ding discussed Apple's participation in developing China's digital economy and hi-tech supply chain, as the US tech giant attempts to shift its China narrative amid controversies over national security and censorship. The visit comes as competition between Apple and Huawei heats up in Apple's third-largest market, and as Beijing tightens oversight on security concerns."
cluster1,"

Apple has recently raised the prices of its streaming services, including Apple TV+, Apple Arcade, and Apple News+, as well as its bundled Apple One service. This follows similar price hikes from other streaming giants such as Netflix, Disney, and Paramount+. Apple is also investing $1 billion to catch up with the sudden rise of generative artificial intelligence, and is embracing theatrical releases to drive subscribers to its flagship streaming service. Additionally, the company has launched a savings account that pays more than most primary banks, but still less than the best high-yield savings accounts."
cluster2,"

This text discusses the latest advancements in AI technology, with Apple and Qualcomm leading the charge. Apple has released its M1 and M2 chips, and is expected to release an M3 chip soon. Qualcomm has unveiled its Snapdragon Elite X chip, which is designed to outperform Intel and Apple's chips. Both companies are investing heavily in AI, with Apple looking to hire for generative AI roles and Qualcomm looking to carve out a niche for itself with AI chips for smartphones and laptops."
cluster3,"

Foxconn, the world's largest contract manufacturer and Apple's most important supplier, is facing a tax audit and a probe into its land use by the Chinese government. The investigation comes as the company's billionaire founder, Terry Gou, pursues a bid for the Taiwanese presidency. Foxconn has said it is cooperating with Chinese authorities, and the news has caused shares in the company to drop."
cluster4,"

This text discusses the upcoming earnings reports from the Magnificent Seven tech stocks, Apple, Amazon, Microsoft, Meta, Alphabet, Tesla, and Nvidia, and the impact they may have on the stock market. It also mentions the Federal Reserve's decision to raise interest rates and the increasing geopolitical tensions globally, which have resulted in market volatility. Warren Buffett's relationship with Apple is also discussed, as well as the importance of long-term investments for children. Finally, the article looks at the antitrust trial and the potential of AI for the future."
