,microsoft
cluster0,"

The text discusses the recent performance of Microsoft, Adobe Systems, Snap, and Live Nation Entertainment, as well as the Q3 earnings season, and provides an overview of the Microsoft fiscal first quarter data. It also mentions other companies such as GD, CB, MSFT, CMS, Novo Nordisk A/S, Lowe's, Nvidia, Alphabet, and Meta Platforms."
cluster1,"

Stocks were mixed on Wednesday as investors reacted to the first wave of big tech earnings reports. The Dow Jones Industrial Average was down 116 points, or 0.4%, while the S&P 500 was down 1%. The tech sector was weighed down by Alphabet's disappointing revenue gains from cloud computing, while Microsoft stock rose 2.9% after it beat estimates. Asian stocks rose from 11-month lows as investors cheered China's approval of a trillion-yuan sovereign bond issue as a harbinger of stimulus, while the Australian dollar jumped after hotter-than-expected inflation lifted rate forecasts."
cluster2,"

Microsoft (MSFT) reported strong fiscal first-quarter results, with revenue increasing 13% year-over-year to $56.5 billion and earnings per share increasing 27% to $2.99. The company's Intelligent Cloud segment, which houses Azure's cloud infrastructure platform, saw 43% of its revenue come from this segment. Microsoft's AI-driven boost in cloud revenue was a major factor in the company's success, while Google (GOOGL) disappointed with a miss on cloud revenue estimates. Microsoft's stock rose on the news, while Google's fell."
cluster3,"

Alphabet's stock tumbled 5.7% after hours on Tuesday after its cloud business reported its slowest growth in at least 11 quarters, while rival Microsoft's cloud unit boomed. Microsoft's success was attributed to its investments in artificial intelligence, while Alphabet's cloud business was hindered by fears of a slowing global economy and companies curbing spending on cloud-related services."
cluster4,"

Microsoft (NASDAQ: MSFT) is leading the charge in the AI gold rush, with its lucrative partnership with ChatGPT and its endless opportunities to monetize its AI venture. The company has a long history of rewarding patient investors, and its consistent growth and promising outlook make its stock an attractive option. Qualcomm (QCOM) has also announced a new AI chip, the Snapdragon Elite X, for Windows-operating laptops, which is expected to match the peak performances of both Apple's (AAPL) M2 chip and Intel's (INTC) i9-13980Hx. China has also stepped up spending to replace Western-made technology with domestic alternatives, while Sony (SNE) is expecting to have more than enough PlayStation 5 consoles to go around this holiday season."
